country_id,year,EXPORTS,IMPORTS,difference
Albania,2007,16048.419999999998,51361.659999999996,-35313.24
Albania,2008,16048.419999999998,83952.34,-67903.92
Albania,2009,15717.55,87309.34,-71591.79
Albania,2010,15445.119999999999,84114.91,-68669.79000000001
Albania,2011,120511.43,580019.78,-459508.35000000003
Albania,2012,104873.0,489760.81999999995,-384887.81999999995
Albania,2013,91114.28,469119.51,-378005.23
Albania,2014,92811.01,472841.36000000004,-380030.35000000003
Albania,2015,93838.01,472857.36000000004,-379019.35000000003
Albania,2016,93338.01,472902.36000000004,-379564.35000000003
Albania,2017,103995.61,394409.69,-290414.08
Albania,2018,138158.61000000002,560013.05,-421854.44000000006
Albania,2019,134116.2,576907.47,-442791.26999999996
Albania,2020,68960.06999999999,567635.39,-498675.32
Albania,2021,129043.98,842028.0900000001,-712984.1100000001
Armenia,2007,13657.0,279611.18000000005,-265954.18000000005
Armenia,2008,6797.92,363642.55,-356844.63
Armenia,2009,6269.14,404074.22000000003,-397805.08
Armenia,2010,4669.93,382234.42,-377564.49
Armenia,2011,4356.12,472564.93,-468208.81
Armenia,2012,4376.08,487203.24000000005,-482827.16000000003
Armenia,2013,18133.3,391851.93,-373718.63
Armenia,2014,8684.029999999999,498647.98,-489963.94999999995
Armenia,2015,9179.46,333584.31,-324404.85
Armenia,2016,7515.24,332849.07999999996,-325333.83999999997
Armenia,2017,10749.53,416049.63,-405300.1
Armenia,2018,11190.689999999999,504770.55000000005,-493579.86000000004
Armenia,2019,9635.68,545443.3400000001,-535807.66
Armenia,2020,21673.420000000002,470190.46,-448517.04000000004
Armenia,2021,10904.58,526483.0,-515578.42
Austria,2007,37809568.96,24374214.25,13435354.71
Austria,2008,39378485.68,25591133.44,13787352.239999998
Austria,2009,31096426.45,21998422.37,9098004.079999998
Austria,2010,32990140.76,23481851.71,9508289.05
Austria,2011,36428375.45,26184647.19,10243728.260000002
Austria,2012,33083449.130000003,24166944.560000002,8916504.57
Austria,2013,32454204.92,22591903.4,9862301.520000003
Austria,2014,33334210.330000002,22725725.96,10608484.370000001
Austria,2015,28536006.26,19339792.41,9196213.850000001
Austria,2016,29146088.86,19856881.57,9289207.29
Austria,2017,30948293.18,21138577.93,9809715.25
Austria,2018,34017991.65,22763932.21,11254059.439999998
Austria,2019,31588074.96,20560376.22,11027698.740000002
Austria,2020,29468744.75,20027311.03,9441433.719999999
Austria,2021,38441981.7,25238926.97,13203054.730000004
Azerbaijan,2007,27244.23,453507.72,-426263.49
Azerbaijan,2008,26039.92,626705.3400000001,-600665.42
Azerbaijan,2009,19898.11,576307.72,-556409.61
Azerbaijan,2010,16816.89,805465.2899999999,-788648.3999999999
Azerbaijan,2011,37123.55,1123235.72,-1086112.17
Azerbaijan,2012,30497.52,1094689.53,-1064192.01
Azerbaijan,2013,35065.53,1063602.54,-1028537.01
Azerbaijan,2014,35065.53,1063602.54,-1028537.01
Azerbaijan,2015,14084.1,903090.54,-889006.4400000001
Azerbaijan,2016,20988.1,1072497.42,-1051509.3199999998
Azerbaijan,2017,21273.5,1121512.42,-1100238.92
Azerbaijan,2018,10155.69,1366012.9100000001,-1355857.2200000002
Azerbaijan,2019,10244.960000000001,1441989.42,-1431744.46
Azerbaijan,2020,16436.57,1251155.83,-1234719.26
Azerbaijan,2021,16436.56,1251155.83,-1234719.27
Belarus,2007,1521459.74,1015647.25,505812.49
Belarus,2008,1378724.74,1015647.25,363077.49
Belarus,2009,2211131.0,2273006.5,-61875.5
Belarus,2010,2565206.73,2712700.06,-147493.33000000007
Belarus,2011,2913119.68,2424719.77,488399.91000000015
Belarus,2012,2899775.39,2458257.05,441518.3400000003
Belarus,2013,3225437.09,2188216.55,1037220.54
Belarus,2014,3674265.0100000002,2374901.55,1299363.4600000004
Belarus,2015,3050778.17,1644202.68,1406575.49
Belarus,2016,3690604.08,1737347.43,1953256.6500000001
Belarus,2017,4880201.18,2091989.33,2788211.8499999996
Belarus,2018,5689057.81,2378793.36,3310264.4499999997
Belarus,2019,6254610.34,2448033.3,3806577.04
Belarus,2020,6796236.46,2274136.09,4522100.37
Belarus,2021,7827637.71,2465803.19,5361834.52
Belgium,2007,36476357.93,39070915.23,-2594557.299999997
Belgium,2008,37986093.989999995,39278684.379999995,-1292590.3900000006
Belgium,2009,29795028.96,32942575.98,-3147547.0199999996
Belgium,2010,31670851.72,34734976.379999995,-3064124.6599999964
Belgium,2011,33007469.49,37371640.6,-4364171.110000003
Belgium,2012,25465283.71,33667619.07,-8202335.359999999
Belgium,2013,23125012.25,30886313.46,-7761301.210000001
Belgium,2014,27947393.88,31846794.37,-3899400.490000002
Belgium,2015,24763372.009999998,26379849.03,-1616477.0200000033
Belgium,2016,24552089.56,26334431.27,-1782341.710000001
Belgium,2017,27250587.959999997,27987578.92,-736990.9600000046
Belgium,2018,28311404.11,30387392.089999996,-2075987.9799999967
Belgium,2019,26958256.96,28759078.21,-1800821.25
Belgium,2020,15392315.12,19749900.99,-4357585.869999999
Belgium,2021,21121790.79,25197624.04,-4075833.25
Bosnia and Herzegovina,2007,1063341.18,936321.8099999999,127019.37
Bosnia and Herzegovina,2008,1552442.47,1454123.6199999999,98318.8500000001
Bosnia and Herzegovina,2009,1336723.77,1145315.37,191408.3999999999
Bosnia and Herzegovina,2010,1492725.24,1153752.98,338972.26
Bosnia and Herzegovina,2011,1645008.25,1273674.58,371333.6699999999
Bosnia and Herzegovina,2012,1471968.6700000002,975120.74,496847.93000000017
Bosnia and Herzegovina,2013,1823184.51,1074844.45,748340.06
Bosnia and Herzegovina,2014,1958349.99,1222116.79,736233.2
Bosnia and Herzegovina,2015,1613083.91,1028458.5700000001,584625.3399999999
Bosnia and Herzegovina,2016,1877875.46,1146332.95,731542.51
Bosnia and Herzegovina,2017,2313565.6799999997,1250520.6600000001,1063045.0199999996
Bosnia and Herzegovina,2018,2578467.39,1469597.7,1108869.6900000002
Bosnia and Herzegovina,2019,1951827.08,1388214.8699999999,563612.2100000002
Bosnia and Herzegovina,2020,1974294.39,1280926.05,693368.3399999999
Bosnia and Herzegovina,2021,2772419.47,1670082.93,1102336.5400000003
Bulgaria,2007,1766621.96,2532514.42,-765892.46
Bulgaria,2008,1675931.26,2965902.85,-1289971.59
Bulgaria,2009,1110110.18,2060379.1300000001,-950268.9500000002
Bulgaria,2010,1720965.04,2070087.1600000001,-349122.1200000001
Bulgaria,2011,2156277.87,2345707.6999999997,-189429.8299999996
Bulgaria,2012,2120586.41,2200139.81,-79553.3999999999
Bulgaria,2013,2304291.97,2232991.9,71300.0700000003
Bulgaria,2014,2566745.22,2311051.2399999998,255693.98000000045
Bulgaria,2015,2146325.65,2045982.71,100342.93999999994
Bulgaria,2016,2165300.84,2089224.68,76076.15999999992
Bulgaria,2017,2354229.39,2170415.6,183813.79000000004
Bulgaria,2018,2559591.38,2590246.68,-30655.30000000028
Bulgaria,2019,2431220.9699999997,2563713.9,-132492.93000000017
Bulgaria,2020,2361596.54,2424249.14,-62652.60000000009
Bulgaria,2021,3054138.16,3117379.42,-63241.25999999978
Canada,2007,105135262.86,37874752.11,67260510.75
Canada,2008,98106805.49,41181426.39,56925379.099999994
Canada,2009,73481659.46000001,34268575.03,39213084.43000001
Canada,2010,95277111.72,38887408.22,56389703.5
Canada,2011,100683591.61,39290196.11,61393395.5
Canada,2012,84766612.96000001,32809386.32,51957226.64000001
Canada,2013,93233721.77,33144888.1,60088833.669999994
Canada,2014,93236000.52000001,33233826.330000002,60002174.19000001
Canada,2015,85809608.81,31314153.52,54495455.29000001
Canada,2016,85493034.43,30598777.060000002,54894257.370000005
Canada,2017,89312222.41999999,31363846.96,57948375.459999986
Canada,2018,91380052.81,31903847.75,59476205.06
Canada,2019,77613236.39,30932530.8,46680705.59
Canada,2020,73803350.31,29231438.64,44571911.67
Canada,2021,104446988.48,35840681.940000005,68606306.53999999
Croatia,2007,2614895.98,3612319.14,-997423.1600000001
Croatia,2008,2736631.0,3659681.14,-923050.1400000001
Croatia,2009,2218103.0,2775269.3,-557166.2999999998
Croatia,2010,2416436.0,2419732.1,-3296.100000000093
Croatia,2011,2779801.0,2759990.9,19810.100000000093
Croatia,2012,2438167.58,2273921.56,164246.02000000002
Croatia,2013,2837714.31,2386661.51,451052.8000000003
Croatia,2014,3265324.35,2655532.7800000003,609791.5699999998
Croatia,2015,2968616.67,2484228.81,484387.85999999987
Croatia,2016,3120255.7199999997,2475007.3600000003,645248.3599999994
Croatia,2017,3617967.17,2935013.7600000002,682953.4099999997
Croatia,2018,3750554.19,3371554.0,379000.18999999994
Croatia,2019,3601276.87,3382814.95,218461.91999999993
Croatia,2020,3619482.68,3140535.6399999997,478947.0400000005
Croatia,2021,4589099.03,3783390.9,805708.1300000004
Cyprus,2007,47381.48,1354765.1600000001,-1307383.6800000002
Cyprus,2008,45882.75,1439679.28,-1393796.53
Cyprus,2009,47229.02,1060820.28,-1013591.26
Cyprus,2010,58072.18,1059755.1700000002,-1001682.9900000001
Cyprus,2011,47817.83,1016917.75,-969099.92
Cyprus,2012,39550.98,728933.7,-689382.72
Cyprus,2013,19066.59,569692.61,-550626.02
Cyprus,2014,15152.36,587793.77,-572641.41
Cyprus,2015,16469.73,495062.86000000004,-478593.13000000006
Cyprus,2016,16642.14,557563.07,-540920.9299999999
Cyprus,2017,15710.3,610135.64,-594425.34
Cyprus,2018,17275.58,731765.0,-714489.42
Cyprus,2019,11651.89,730174.24,-718522.35
Cyprus,2020,10664.89,672292.81,-661627.92
Cyprus,2021,15358.76,797258.92,-781900.16
Czechia,2007,13385658.360000001,10640417.93,2745240.4300000016
Czechia,2008,13675285.94,11073018.52,2602267.42
Czechia,2009,13538286.53,11138732.99,2399553.539999999
Czechia,2010,13376865.29,11095343.41,2281521.879999999
Czechia,2011,16380989.49,12272673.14,4108316.3499999996
Czechia,2012,14060974.36,10998457.41,3062516.9499999993
Czechia,2013,12770696.79,10490108.620000001,2280588.169999998
Czechia,2014,13568314.49,10967321.72,2600992.7699999996
Czechia,2015,11619513.78,9791357.88,1828155.8999999985
Czechia,2016,13363975.12,10019803.79,3344171.33
Czechia,2017,12582027.49,9303231.83,3278795.66
Czechia,2018,15491108.12,12181028.09,3310080.0299999993
Czechia,2019,15895004.36,11353506.110000001,4541498.249999998
Czechia,2020,16255884.16,10843911.88,5411972.279999999
Czechia,2021,16255884.16,10843911.88,5411972.279999999
Denmark,2007,10663297.29,16164212.71,-5500915.420000002
Denmark,2008,10551502.06,16480129.74,-5928627.68
Denmark,2009,8164741.619999999,12599043.37,-4434301.75
Denmark,2010,7769848.68,13142014.889999999,-5372166.209999999
Denmark,2011,8364057.2,14629575.93,-6265518.7299999995
Denmark,2012,7015461.88,11256603.48,-4241141.600000001
Denmark,2013,6287441.16,10398904.299999999,-4111463.1399999987
Denmark,2014,6324841.52,10525919.76,-4201078.24
Denmark,2015,6049565.87,9631745.56,-3582179.6900000004
Denmark,2016,6312851.8,9696187.73,-3383335.9300000006
Denmark,2017,6424778.97,10064890.959999999,-3640111.9899999993
Denmark,2018,6988899.96,11387488.68,-4398588.72
Denmark,2019,7121969.17,10547162.54,-3425193.369999999
Denmark,2020,7212506.289999999,10311549.4,-3099043.1100000013
Denmark,2021,7212506.289999999,10311549.389999999,-3099043.0999999996
Estonia,2007,3953734.89,2783865.5300000003,1169869.3599999999
Estonia,2008,4967539.13,2381880.48,2585658.65
Estonia,2009,3633297.96,1562779.8299999998,2070518.1300000001
Estonia,2010,4819131.81,1832115.28,2987016.5299999993
Estonia,2011,5693369.34,2095715.47,3597653.87
Estonia,2012,5127442.5200000005,2014336.1600000001,3113106.3600000003
Estonia,2013,5914040.51,2391229.62,3522810.8899999997
Estonia,2014,6271683.69,2564396.4899999998,3707287.2000000007
Estonia,2015,5477713.09,2148134.89,3329578.1999999997
Estonia,2016,5768046.399999999,2182033.9200000004,3586012.479999999
Estonia,2017,6562864.45,2525661.19,4037203.2600000002
Estonia,2018,7583631.260000001,2947217.8000000003,4636413.460000001
Estonia,2019,6971182.29,2807974.44,4163207.85
Estonia,2020,6635173.3,2905657.65,3729515.65
Estonia,2021,9109539.31,4608291.4,4501247.91
Finland,2007,65291105.480000004,12222705.38,53068400.1
Finland,2008,63184558.21,14457133.07,48727425.14
Finland,2009,45977198.95999999,7087691.16,38889507.8
Finland,2010,53516420.330000006,8749817.51,44766602.82000001
Finland,2011,58356406.870000005,9753443.82,48602963.050000004
Finland,2012,52657844.33,8522900.61,44134943.72
Finland,2013,55633192.949999996,8285854.97,47347337.98
Finland,2014,55471694.0,7658869.84,47812824.16
Finland,2015,47941071.239999995,6141041.1899999995,41800030.05
Finland,2016,46764446.1,6027065.93,40737380.17
Finland,2017,49797074.620000005,6448291.390000001,43348783.230000004
Finland,2018,57899987.14,8500268.51,49399718.63
Finland,2019,51822294.21,7246493.2700000005,44575800.94
Finland,2020,43349360.41,6715194.39,36634166.019999996
Finland,2021,56182581.11,7603260.399999999,48579320.71
France,2007,47995237.44,71038665.0,-23043427.560000002
France,2008,49364897.59,74658360.91,-25293463.319999993
France,2009,39209931.31,59458181.52,-20248250.21
France,2010,40703784.83,62991032.38,-22287247.550000004
France,2011,44197218.85,68081892.68,-23884673.830000006
France,2012,38390000.71,59216133.699999996,-20826132.989999995
France,2013,34803764.28,54854307.02,-20050542.740000002
France,2014,35296376.75,55233677.25,-19937300.5
France,2015,30454295.14,46712129.050000004,-16257833.910000004
France,2016,29970363.41,46935095.88,-16964732.470000003
France,2017,32043693.169999998,49980509.8,-17936816.63
France,2018,34379173.85,54635278.989999995,-20256105.139999993
France,2019,31032083.959999997,51716214.019999996,-20684130.06
France,2020,30174424.240000002,51777291.79,-21602867.549999997
France,2021,37651051.1,64724969.120000005,-27073918.020000003
Georgia,2007,44465.67,215179.36000000002,-170713.69
Georgia,2008,44465.67,215179.36000000002,-170713.69
Georgia,2009,44465.67,215179.36000000002,-170713.69
Georgia,2010,44465.67,215179.36000000002,-170713.69
Georgia,2011,79214.33,586474.85,-507260.51999999996
Georgia,2012,102568.71,670103.33,-567534.62
Georgia,2013,80860.67,681114.9400000001,-600254.27
Georgia,2014,76483.0,783641.1,-707158.1
Georgia,2015,77008.40999999999,764488.79,-687480.38
Georgia,2016,67525.29000000001,642397.96,-574872.6699999999
Georgia,2017,99190.31,775833.77,-676643.46
Georgia,2018,108620.15,894843.47,-786223.32
Georgia,2019,124996.19,901133.58,-776137.3899999999
Georgia,2020,118437.56999999999,690967.06,-572529.4900000001
Georgia,2021,171839.72,879773.6699999999,-707933.95
Germany,2007,134568625.7,106029101.38,28539524.319999993
Germany,2008,137248972.01,107785443.65,29463528.359999985
Germany,2009,114846761.07,86584097.41999999,28262663.650000006
Germany,2010,122717250.63,99280552.43,23436698.199999988
Germany,2011,134073650.79,109368916.09,24704734.700000003
Germany,2012,117821660.07,97776318.41000001,20045341.65999998
Germany,2013,109290838.97000001,95620384.0,13670454.970000014
Germany,2014,110347299.56,97684458.17,12662841.39
Germany,2015,103158238.62,90849414.23,12308824.39
Germany,2016,102949170.3,88446913.88,14502256.420000002
Germany,2017,107122938.2,93225823.58,13897114.620000005
Germany,2018,117474934.93,101784777.27,15690157.660000011
Germany,2019,111301204.64,92802220.47,18498984.17
Germany,2020,106876208.74000001,87495181.46,19381027.280000016
Germany,2021,131862404.13,106202445.99,25659958.14
Greece,2007,2345635.13,7462616.18,-5116981.05
Greece,2008,953102.51,8156993.670000001,-7203891.160000001
Greece,2009,1130705.33,7294839.67,-6164134.34
Greece,2010,1116593.73,6639554.9,-5522961.17
Greece,2011,1243923.4200000002,6026589.21,-4782665.79
Greece,2012,1118254.95,4675577.54,-3557322.59
Greece,2013,894005.62,4687159.88,-3793154.26
Greece,2014,920554.05,4855239.42,-3934685.37
Greece,2015,919110.39,4843708.08,-3924597.69
Greece,2016,927083.38,4844890.08,-3917806.7
Greece,2017,1020039.49,4699546.91,-3679507.42
Greece,2018,1107988.02,5333965.4399999995,-4225977.42
Greece,2019,1058244.26,5157525.59,-4099281.33
Greece,2020,1089906.57,4900854.390000001,-3810947.8200000003
Greece,2021,1089906.57,4900854.390000001,-3810947.8200000003
Hungary,2007,5397870.52,8173848.03,-2775977.5100000007
Hungary,2008,6400891.53,8003673.58,-1602782.0499999998
Hungary,2009,5480957.79,6431168.97,-950211.1799999997
Hungary,2010,5971497.54,6066035.56,-94538.01999999955
Hungary,2011,6683621.79,6576591.680000001,107030.1099999994
Hungary,2012,5601291.3,5537223.74,64067.55999999959
Hungary,2013,5978472.06,5901898.38,76573.6799999997
Hungary,2014,6160140.08,6311446.14,-151306.0599999996
Hungary,2015,5476569.649999999,5437083.079999999,39486.5700000003
Hungary,2016,5446491.0,5783246.49,-336755.4900000002
Hungary,2017,6064041.96,6426731.13,-362689.1699999999
Hungary,2018,6385842.09,7139449.48,-753607.3900000006
Hungary,2019,5978923.850000001,6833930.83,-855006.9799999995
Hungary,2020,5833793.35,6789309.67,-955516.3200000003
Hungary,2021,5833793.35,6789309.67,-955516.3200000003
Iceland,2007,9469.960000000001,938116.86,-928646.9
Iceland,2008,7375.55,733844.58,-726469.0299999999
Iceland,2009,7997.97,434382.63,-426384.66000000003
Iceland,2010,11091.500000000002,428656.15,-417564.65
Iceland,2011,15720.33,478456.48000000004,-462736.15
Iceland,2012,9446.05,436282.64,-426836.59
Iceland,2013,8964.32,452256.42000000004,-443292.10000000003
Iceland,2014,9293.249999999998,480140.24,-470846.99
Iceland,2015,9300.149999999998,480140.62,-470840.47
Iceland,2016,6456.15,471013.12,-464556.97
Iceland,2017,3138.98,576100.41,-572961.43
Iceland,2018,5057.24,875713.41,-870656.17
Iceland,2019,3690.72,810451.8200000001,-806761.1000000001
Iceland,2020,14.25,837307.07,-837292.82
Iceland,2021,14.25,676741.6,-676727.35
Ireland,2007,3653854.72,11618234.32,-7964379.6
Ireland,2008,3004195.42,10551464.78,-7547269.359999999
Ireland,2009,2230112.76,6616317.359999999,-4386204.6
Ireland,2010,2499994.4,5716968.06,-3216973.6599999997
Ireland,2011,2775465.92,5979007.93,-3203542.01
Ireland,2012,2396670.52,5533209.64,-3136539.1199999996
Ireland,2013,2540953.36,5097840.98,-2556887.6200000006
Ireland,2014,2578405.84,5528295.94,-2949890.1000000006
Ireland,2015,2112150.48,5035983.66,-2923833.18
Ireland,2016,2333493.34,5124819.83,-2791326.49
Ireland,2017,2429894.12,5564794.47,-3134900.3499999996
Ireland,2018,2596921.23,6109602.26,-3512681.03
Ireland,2019,2596921.23,6109602.26,-3512681.03
Ireland,2020,2301922.9899999998,5108210.41,-2806287.4200000004
Ireland,2021,3302889.13,6095801.54,-2792912.41
Israel,2007,359204.1,4603740.0,-4244535.9
Israel,2008,523283.1,4922106.0,-4398822.9
Israel,2009,472593.1,3876587.0,-3403993.9
Israel,2010,453009.1,4769614.0,-4316604.9
Israel,2011,938675.2,5491974.0,-4553298.8
Israel,2012,808074.1,4887960.56,-4079886.4599999995
Israel,2013,661820.1,4585113.56,-3923293.4599999995
Israel,2014,603804.0,5042339.0,-4438535.0
Israel,2015,597984.0,4624877.0,-4026893.0
Israel,2016,601750.0,4621731.0,-4019981.0
Israel,2017,608744.0,4646277.0,-4037533.0
Israel,2018,490481.0,5376267.99,-4885786.99
Israel,2019,534323.0,4903249.99,-4368926.99
Israel,2020,534323.0,4903249.99,-4368926.99
Israel,2021,534323.0,4903249.99,-4368926.99
Italy,2007,43290892.25,52979907.92,-9689015.670000002
Italy,2008,45381882.150000006,51627579.56,-6245697.409999996
Italy,2009,35372407.910000004,40673182.79,-5300774.879999995
Italy,2010,41711746.71,48828718.36,-7116971.6499999985
Italy,2011,46086221.269999996,53005220.86,-6918999.590000004
Italy,2012,42817523.82,43286614.120000005,-469090.30000000447
Italy,2013,41860202.27,43701280.08,-1841077.809999995
Italy,2014,43226797.71,44863498.53,-1636700.8200000003
Italy,2015,37662453.21,39579070.08,-1916616.8699999973
Italy,2016,35856518.85,37696324.589999996,-1839805.7399999946
Italy,2017,40250164.52,42237874.39,-1987709.8699999973
Italy,2018,42722456.51,48244045.32,-5521588.810000002
Italy,2019,40728634.88,43575392.07,-2846757.1899999976
Italy,2020,36432040.95,36557195.89,-125154.93999999762
Italy,2021,46178868.580000006,47553650.769999996,-1374782.1899999902
Kazakhstan,2007,61258.7,3678719.71,-3617461.01
Kazakhstan,2008,85061.23,3364898.23,-3279837.0
Kazakhstan,2009,68256.66,2982521.25,-2914264.59
Kazakhstan,2010,92405.90000000001,3741392.0,-3648986.1
Kazakhstan,2011,202584.68999999997,4523827.47,-4321242.779999999
Kazakhstan,2012,1102832.26,4807041.62,-3704209.3600000003
Kazakhstan,2013,85950.84,3991085.44,-3905134.6
Kazakhstan,2014,86763.18,4003151.76,-3916388.5799999996
Kazakhstan,2015,86763.18,4003106.32,-3916343.1399999997
Kazakhstan,2016,86763.18,4003274.32,-3916511.1399999997
Kazakhstan,2017,87195.53,4137839.6,-4050644.0700000003
Kazakhstan,2018,221081.91999999998,2983029.18,-2761947.2600000002
Kazakhstan,2019,235346.24,3123342.4199999995,-2887996.1799999997
Kazakhstan,2020,87986.64,2962680.33,-2874693.69
Kazakhstan,2021,180540.39,3960285.94,-3779745.55
Kyrgyzstan,2007,14018.96,177665.57,-163646.61000000002
Kyrgyzstan,2008,23006.360000000004,309573.56,-286567.2
Kyrgyzstan,2009,15624.7,339749.38999999996,-324124.68999999994
Kyrgyzstan,2010,17366.78,337056.41000000003,-319689.63
Kyrgyzstan,2011,40198.94000000001,572478.23,-532279.2899999999
Kyrgyzstan,2012,22615.870000000003,644958.15,-622342.28
Kyrgyzstan,2013,21028.699999999997,665717.5,-644688.8
Kyrgyzstan,2014,17444.600000000002,677101.59,-659656.99
Kyrgyzstan,2015,11661.240000000002,396874.76999999996,-385213.52999999997
Kyrgyzstan,2016,11560.12,464802.31000000006,-453242.19000000006
Kyrgyzstan,2017,12733.050000000001,351712.27,-338979.22000000003
Kyrgyzstan,2018,8365.25,443498.00999999995,-435132.75999999995
Kyrgyzstan,2019,24575.7,548445.49,-523869.79
Kyrgyzstan,2020,29071.89,364479.32999999996,-335407.43999999994
Kyrgyzstan,2021,40413.29,446351.33,-405938.04000000004
Latvia,2007,5969480.46,3043571.52,2925908.94
Latvia,2008,5740902.64,2382238.32,3358664.32
Latvia,2009,4057157.48,1100129.2000000002,2957028.28
Latvia,2010,5612039.25,1412994.3599999999,4199044.890000001
Latvia,2011,6399659.53,1703721.26,4695938.2700000005
Latvia,2012,6034288.23,1740288.12,4294000.11
Latvia,2013,6676364.3100000005,2157225.94,4519138.370000001
Latvia,2014,7031974.53,2557902.42,4474072.11
Latvia,2015,5923661.86,2208839.79,3714822.0700000003
Latvia,2016,6368253.46,2372815.85,3995437.61
Latvia,2017,7284392.49,2665928.53,4618463.960000001
Latvia,2018,7508984.37,2792443.9299999997,4716540.44
Latvia,2019,8454074.09,3059246.1999999997,5394827.890000001
Latvia,2020,8246773.76,3159055.44,5087718.32
Latvia,2021,12011045.69,4781420.31,7229625.38
Liechtenstein,2007,3776.0,,
Liechtenstein,2008,3776.0,,
Liechtenstein,2009,3102.4,,
Liechtenstein,2010,2320.0,,
Liechtenstein,2011,2136.0,,
Lithuania,2007,4489104.22,3172302.7399999998,1316801.48
Lithuania,2008,4343118.03,3242427.03,1100691.0000000005
Lithuania,2009,3305456.6700000004,2156765.64,1148691.0300000003
Lithuania,2010,4351460.53,2590252.22,1761208.31
Lithuania,2011,5367734.17,3133422.91,2234311.26
Lithuania,2012,5417187.42,3218242.6,2198944.82
Lithuania,2013,6336508.14,3428969.69,2907538.4499999997
Lithuania,2014,7074026.22,3962555.71,3111470.51
Lithuania,2015,5839489.8,3278684.61,2560805.19
Lithuania,2016,6211701.21,3434517.54,2777183.67
Lithuania,2017,6930473.62,3834130.36,3096343.2600000002
Lithuania,2018,7910050.38,4442164.14,3467886.24
Lithuania,2019,7788186.23,4317691.07,3470495.16
Lithuania,2020,7808158.59,4346285.2299999995,3461873.3600000003
Lithuania,2021,10528491.68,6256464.37,4272027.31
Luxembourg,2007,2596441.9099999997,2787226.62,-190784.71000000043
Luxembourg,2008,2511661.31,3008550.13,-496888.81999999983
Luxembourg,2009,2121574.31,2762048.85,-640474.54
Luxembourg,2010,2048947.8599999999,2685855.27,-636907.4100000001
Luxembourg,2011,2195249.44,2913428.48,-718179.04
Luxembourg,2012,1901323.49,2517497.94,-616174.45
Luxembourg,2013,1875224.32,2066991.6300000001,-191767.31000000006
Luxembourg,2014,1810674.28,2054831.35,-244157.07000000007
Luxembourg,2015,1792138.28,2026093.35,-233955.07000000007
Luxembourg,2016,1599355.4000000001,2095356.5299999998,-496001.12999999966
Luxembourg,2017,1690250.19,2231599.14,-541348.9500000002
Luxembourg,2018,1646572.32,2439674.0700000003,-793101.7500000002
Luxembourg,2019,1566392.29,2457397.2600000002,-891004.9700000002
Luxembourg,2020,1747627.21,1512800.23,234826.97999999998
Luxembourg,2021,2432706.37,1687315.12,745391.25
Malta,2007,273620.54,595079.21,-321458.67
Malta,2008,327526.72000000003,657709.4500000001,-330182.73000000004
Malta,2009,288222.94,562138.55,-273915.61000000004
Malta,2010,242873.03000000003,549064.72,-306191.68999999994
Malta,2011,305043.5300000001,609517.64,-304474.1099999999
Malta,2012,15799.260000000002,484325.27,-468526.01
Malta,2013,21146.08,463410.35000000003,-442264.27
Malta,2014,23463.05,488936.4,-465473.35000000003
Malta,2015,10669.43,416813.77999999997,-406144.35
Malta,2016,10669.43,386929.97000000003,-376260.54000000004
Malta,2017,13758.56,375183.79,-361425.23
Malta,2018,34713.29000000001,531953.96,-497240.6699999999
Malta,2019,41616.07000000001,573966.41,-532350.3400000001
Malta,2020,41616.07000000001,573966.41,-532350.3400000001
Malta,2021,41616.07000000001,573966.4,-532350.3300000001
Montenegro,2007,31468.41,41276.13,-9807.719999999998
Montenegro,2008,63182.630000000005,105634.83,-42452.2
Montenegro,2009,42817.299999999996,60440.42,-17623.120000000003
Montenegro,2010,42817.299999999996,60440.42,-17623.120000000003
Montenegro,2011,80279.00000000001,306503.58999999997,-226224.58999999997
Montenegro,2012,64344.44,255719.58,-191375.13999999998
Montenegro,2013,66225.06,220680.08000000002,-154455.02000000002
Montenegro,2014,78784.06,219809.07,-141025.01
Montenegro,2015,83074.06,218911.07,-135837.01
Montenegro,2016,88547.07,219064.58000000002,-130517.51000000001
Montenegro,2017,114716.78,255532.08,-140815.3
Montenegro,2018,119355.52,290706.93,-171351.40999999997
Montenegro,2019,136234.79,296993.98,-160759.18999999997
Montenegro,2020,130442.88,245092.88,-114650.0
Montenegro,2021,130442.88,245092.88,-114650.0
Netherlands,2007,27092367.65,38155329.86,-11062962.21
Netherlands,2008,27645719.779999997,40901728.53,-13256008.750000004
Netherlands,2009,24924967.680000003,33409074.020000003,-8484106.34
Netherlands,2010,29049301.259999998,36755340.370000005,-7706039.110000007
Netherlands,2011,33740099.09,40662889.1,-6922790.009999998
Netherlands,2012,24862753.33,31358103.439999998,-6495350.109999999
Netherlands,2013,21670094.42,28566968.74,-6896874.319999997
Netherlands,2014,21868244.98,28299456.78,-6431211.800000001
Netherlands,2015,23337607.45,27017604.66,-3679997.210000001
Netherlands,2016,18786638.310000002,23296930.349999998,-4510292.039999995
Netherlands,2017,21768527.85,25984721.13,-4216193.2799999975
Netherlands,2018,23660296.56,31213592.35,-7553295.790000003
Netherlands,2019,21576838.83,29001699.810000002,-7424860.980000004
Netherlands,2020,20907178.080000002,29127423.09,-8220245.009999998
Netherlands,2021,24573318.44,36178870.57,-11605552.129999999
North Macedonia,2007,132245.8,573556.51,-441310.71
North Macedonia,2008,127432.2,681207.34,-553775.14
North Macedonia,2009,100619.66,602422.3,-501802.64
North Macedonia,2010,104338.14,556620.18,-452282.04000000004
North Macedonia,2011,114277.85,696056.59,-581778.74
North Macedonia,2012,92599.45999999999,557099.1499999999,-464499.68999999994
North Macedonia,2013,97268.85,580575.4299999999,-483306.57999999996
North Macedonia,2014,102427.7,603892.62,-501464.92
North Macedonia,2015,92148.06999999999,512954.92999999993,-420806.8599999999
North Macedonia,2016,109578.62000000001,590464.8300000001,-480886.2100000001
North Macedonia,2017,124170.44,630081.09,-505910.64999999997
North Macedonia,2018,154799.34,710299.8300000001,-555500.4900000001
North Macedonia,2019,159007.12,682724.8,-523717.68000000005
North Macedonia,2020,142705.43,677802.49,-535097.06
North Macedonia,2021,200760.66999999998,842948.66,-642187.99
Norway,2007,8529862.16,12782876.01,-4253013.85
Norway,2008,8678662.41,12966512.36,-4287849.949999999
Norway,2009,6795641.83,10021738.82,-3226096.99
Norway,2010,7534848.25,10897363.74,-3362515.49
Norway,2011,7987449.05,12525784.73,-4538335.680000001
Norway,2012,6516462.800000001,10940562.51,-4424099.709999999
Norway,2013,6293310.88,11037497.84,-4744186.96
Norway,2014,6304132.71,10966901.4,-4662768.69
Norway,2015,5371380.4799999995,9080738.77,-3709358.29
Norway,2016,5261455.050000001,9000285.860000001,-3738830.8100000005
Norway,2017,5553880.8,10055809.92,-4501929.12
Norway,2018,6325962.99,9990049.48,-3664086.49
Norway,2019,5696339.33,9500972.75,-3804633.42
Norway,2020,5237257.58,8465654.73,-3228397.1500000004
Norway,2021,6596376.470000001,10906144.879999999,-4309768.409999998
Poland,2007,28419865.27,20495606.44,7924258.829999998
Poland,2008,30992744.710000005,23186079.160000004,7806665.550000001
Poland,2009,25750382.07,17756756.580000002,7993625.489999998
Poland,2010,29448171.88,20673917.009999998,8774254.870000001
Poland,2011,32869254.37,23420921.94,9448332.43
Poland,2012,29782890.72,20639438.02,9143452.7
Poland,2013,33195061.34,22141297.74,11053763.600000001
Poland,2014,35905428.83,24198877.68,11706551.149999999
Poland,2015,30895839.060000002,20720236.759999998,10175602.300000004
Poland,2016,32159507.31,20673818.869999997,11485688.440000001
Poland,2017,36407442.16,23974986.61,12432455.549999997
Poland,2018,42668684.32,28184731.580000002,14483952.739999998
Poland,2019,41316905.71,25918422.14,15398483.57
Poland,2020,43803412.26,27500917.47,16302494.79
Poland,2021,51787636.99,32308419.14,19479217.85
Portugal,2007,11673383.31,8621507.090000002,3051876.219999999
Portugal,2008,12288443.88,8705232.959999999,3583210.920000002
Portugal,2009,10433005.469999999,7061826.71,3371178.759999999
Portugal,2010,10121065.39,7888680.010000001,2232385.38
Portugal,2011,14545580.39,8563193.15,5982387.24
Portugal,2012,12523114.23,6747272.74,5775841.49
Portugal,2013,13839134.49,7215503.819999999,6623630.670000001
Portugal,2014,13799327.610000001,7205734.57,6593593.040000001
Portugal,2015,13056279.17,6779411.1,6276868.07
Portugal,2016,12815096.54,6813757.4799999995,6001339.06
Portugal,2017,13483592.79,7633864.2299999995,5849728.56
Portugal,2018,15177992.59,8474022.94,6703969.65
Portugal,2019,14248877.469999999,8083851.47,6165025.999999999
Portugal,2020,12616853.879999999,7393500.71,5223353.169999999
Portugal,2021,15914512.59,9687345.47,6227167.119999999
Republic of Moldova,2007,65244.58,337685.78,-272441.2
Republic of Moldova,2008,65244.58,337685.78,-272441.2
Republic of Moldova,2009,65272.58,337685.78,-272413.2
Republic of Moldova,2010,65300.58,337685.78,-272385.2
Republic of Moldova,2011,149933.6,686858.39,-536924.79
Republic of Moldova,2012,150342.26,660932.68,-510590.42000000004
Republic of Moldova,2013,145894.81,622874.32,-476979.50999999995
Republic of Moldova,2014,119895.77,636303.9,-516408.13
Republic of Moldova,2015,119895.77,594091.9,-474196.13
Republic of Moldova,2016,97498.35,459355.99,-361857.64
Republic of Moldova,2017,108049.71,560518.7899999999,-452469.0799999999
Republic of Moldova,2018,128015.09,635157.18,-507142.0900000001
Republic of Moldova,2019,127198.55,646245.66,-519047.11000000004
Republic of Moldova,2020,127724.14,641562.84,-513838.69999999995
Republic of Moldova,2021,127724.14,641562.84,-513838.69999999995
Romania,2007,6666659.91,5706855.27,959804.6400000006
Romania,2008,6358705.56,6312483.33,46222.229999999516
Romania,2009,5857411.11,5098174.44,759236.6699999999
Romania,2010,7917786.99,5096734.34,2821052.6500000004
Romania,2011,8545804.89,5327398.04,3218406.8500000006
Romania,2012,8363555.4,4822324.18,3541231.2200000007
Romania,2013,10406882.61,5513315.68,4893566.93
Romania,2014,10572883.93,5612117.88,4960766.05
Romania,2015,8901247.370000001,5573686.76,3327560.6100000013
Romania,2016,8487226.92,6140388.15,2346838.7699999996
Romania,2017,8941097.15,6406522.24,2534574.91
Romania,2018,9849258.12,7877199.94,1972058.1799999988
Romania,2019,9078973.23,7342400.04,1736573.1900000004
Romania,2020,9154461.92,7219390.49,1935071.4299999997
Romania,2021,12424795.41,9637942.65,2786852.76
Russian Federation,2007,39529231.0,16341380.0,23187851.0
Russian Federation,2008,37441776.47,19353604.47,18088172.0
Russian Federation,2009,26354600.3,17470967.2,8883633.100000001
Russian Federation,2010,28529985.84,17639918.06,10890067.780000001
Russian Federation,2011,32014398.73,20520200.060000002,11494198.669999998
Russian Federation,2012,34942104.32,20928562.63,14013541.690000001
Russian Federation,2013,36235157.3,20527637.68,15707519.619999997
Russian Federation,2014,38763455.03,18346812.919999998,20416642.110000003
Russian Federation,2015,33047715.13,11440528.33,21607186.799999997
Russian Federation,2016,33498224.91,10583737.690000001,22914487.22
Russian Federation,2017,40229631.32,11639982.870000001,28589648.45
Russian Federation,2018,47317105.94,12308424.54,35008681.4
Russian Federation,2019,42214587.38,11675368.610000001,30539218.770000003
Russian Federation,2020,40846107.36,11545245.1,29300862.259999998
Russian Federation,2021,40846107.36,11545245.09,29300862.27
Serbia,2007,1369999.06,3008703.88,-1638704.8199999998
Serbia,2008,1730630.22,3647085.9899999998,-1916455.7699999998
Serbia,2009,1379354.73,2631162.29,-1251807.56
Serbia,2010,1506067.98,2304016.46,-797948.48
Serbia,2011,1797204.15,2789932.1,-992727.9500000002
Serbia,2012,1747883.18,2578068.56,-830185.3800000001
Serbia,2013,2119476.2199999997,2850893.55,-731417.3300000001
Serbia,2014,2275833.58,3055816.55,-779982.9699999997
Serbia,2015,2031636.22,2232222.55,-200586.32999999984
Serbia,2016,2164142.2199999997,2377007.55,-212865.33000000007
Serbia,2017,2644154.2199999997,2847324.55,-203170.33000000007
Serbia,2018,2824581.94,3189945.95,-365364.01000000024
Serbia,2019,2778484.94,3018683.95,-240199.01000000024
Serbia,2020,2887621.0,3093858.0,-206237.0
Serbia,2021,3422609.0,3806591.0,-383982.0
Slovakia,2007,9494339.21,6110700.25,3383638.960000001
Slovakia,2008,10343158.32,6164349.2,4178809.12
Slovakia,2009,8448228.15,4777694.77,3670533.380000001
Slovakia,2010,10483503.26,6125257.93,4358245.33
Slovakia,2011,8659564.65,5806819.109999999,2852745.540000001
Slovakia,2012,8164040.460000001,5618149.65,2545890.8100000005
Slovakia,2013,6930561.16,4791314.42,2139246.74
Slovakia,2014,8096501.9,5809885.9,2286616.0
Slovakia,2015,7032636.07,4465823.35,2566812.7200000007
Slovakia,2016,7222330.12,4610176.08,2612154.04
Slovakia,2017,7752373.41,4925408.27,2826965.1400000006
Slovakia,2018,8737999.540000001,5579033.15,3158966.3900000006
Slovakia,2019,8073965.470000001,5285502.59,2788462.880000001
Slovakia,2020,7603391.17,5012981.7700000005,2590409.3999999994
Slovakia,2021,10073682.36,7042364.3,3031318.0599999996
Slovenia,2007,6191702.92,4189395.9099999997,2002307.0100000002
Slovenia,2008,6224740.63,4317307.39,1907433.2400000002
Slovenia,2009,5132950.8,3417513.09,1715437.71
Slovenia,2010,5183544.64,3755650.76,1427893.88
Slovenia,2011,5924776.72,4152630.49,1772146.2299999995
Slovenia,2012,5086408.97,3734152.8600000003,1352256.1099999994
Slovenia,2013,5274899.21,3882038.33,1392860.88
Slovenia,2014,5913416.16,4191707.57,1721708.5900000003
Slovenia,2015,5195912.03,3840681.95,1355230.08
Slovenia,2016,5607674.87,4250793.45,1356881.42
Slovenia,2017,5786792.76,4494050.47,1292742.29
Slovenia,2018,6208026.77,5361789.46,846237.3099999996
Slovenia,2019,5638363.84,4903240.96,735122.8799999999
Slovenia,2020,5236286.640000001,4747812.68,488473.9600000009
Slovenia,2021,6397406.52,5908834.13,488572.38999999966
Spain,2007,26555933.479999997,36368433.0,-9812499.520000003
Spain,2008,27673355.15,34238588.94,-6565233.789999999
Spain,2009,22619678.13,26586384.2,-3966706.0700000003
Spain,2010,23868785.8,25961660.7,-2092874.8999999985
Spain,2011,27704984.34,27795248.64,-90264.30000000075
Spain,2012,24359302.28,23001204.72,1358097.5600000024
Spain,2013,24663790.02,22094172.6,2569617.419999998
Spain,2014,23823789.46,22817632.41,1006157.0500000007
Spain,2015,19670918.46,20229833.55,-558915.0899999999
Spain,2016,20159279.08,20470775.04,-311495.9600000009
Spain,2017,21921843.87,21604730.21,317113.66000000015
Spain,2018,23806121.89,24495356.930000003,-689235.0400000028
Spain,2019,22109699.84,22534518.189999998,-424818.34999999776
Spain,2020,18370045.84,17514359.35,855686.4899999984
Spain,2021,23014382.65,21728876.2,1285506.4499999993
Sweden,2007,62925252.47,13800636.3,49124616.17
Sweden,2008,65277866.58,14456609.920000002,50821256.66
Sweden,2009,53829586.58,9566077.72,44263508.86
Sweden,2010,58490374.95,11534091.34,46956283.61
Sweden,2011,71616416.45,17738039.01,53878377.44
Sweden,2012,62682957.36,15558252.07,47124705.29
Sweden,2013,64821191.269999996,15017383.5,49803807.769999996
Sweden,2014,60836764.36000001,15448047.149999999,45388717.21000001
Sweden,2015,52135233.59,12423757.97,39711475.620000005
Sweden,2016,49420815.89,12854055.82,36566760.07
Sweden,2017,53392451.87,14278186.2,39114265.67
Sweden,2018,58562368.04,17650106.62,40912261.42
Sweden,2019,55662439.71,15981550.049999999,39680889.660000004
Sweden,2020,54766024.35,14232406.37,40533617.980000004
Sweden,2021,67251673.35,16604353.15,50647320.199999996
Switzerland,2007,11346942.379999999,21557101.94,-10210159.560000002
Switzerland,2008,12537057.139999999,23494822.38,-10957765.24
Switzerland,2009,9902258.52,20185765.46,-10283506.940000001
Switzerland,2010,11128362.64,21390983.130000003,-10262620.490000002
Switzerland,2011,11399586.55,23661122.08,-12261535.529999997
Switzerland,2012,8097645.359999999,17554566.18,-9456920.82
Switzerland,2013,7802524.73,18117067.67,-10314542.940000001
Switzerland,2014,7844624.96,18354377.07,-10509752.11
Switzerland,2015,6727342.09,15758031.31,-9030689.22
Switzerland,2016,6394445.26,15489457.99,-9095012.73
Switzerland,2017,7164525.54,16516304.49,-9351778.95
Switzerland,2018,6973209.66,17332463.19,-10359253.530000001
Switzerland,2019,6207030.49,16134359.17,-9927328.68
Switzerland,2020,6219222.84,16416364.879999999,-10197142.04
Switzerland,2021,5560816.99,15843076.399999999,-10282259.409999998
Tajikistan,2007,,23883.4,
Tajikistan,2008,,25465.6,
Tajikistan,2009,,24302.2,
Tajikistan,2010,,24001.4,
Tajikistan,2011,287.98,311512.85,-311224.87
Tajikistan,2012,43.11,324416.28,-324373.17000000004
Tajikistan,2013,5.6000000000000005,361229.6,-361224.0
Tajikistan,2014,1.2,371725.1,-371723.89999999997
Tajikistan,2015,21.48,259378.69,-259357.21
Tajikistan,2016,1.2,259469.29,-259468.09
Tajikistan,2017,1.2,276360.76,-276359.56
Tajikistan,2018,1.2,276360.75,-276359.55
Tajikistan,2019,4709.710000000001,306994.02,-302284.31
Tajikistan,2020,2986.06,276848.83,-273862.77
Tajikistan,2021,2986.06,276848.83,-273862.77
Turkey,2007,3717021.3000000003,13941844.59,-10224823.29
Turkey,2008,4260482.62,14879057.1,-10618574.48
Turkey,2009,5242056.0,11915248.399999999,-6673192.3999999985
Turkey,2010,6249461.74,16407117.71,-10157655.97
Turkey,2011,9072861.67,18924215.41,-9851353.74
Turkey,2012,7901564.88,17917209.89,-10015645.010000002
Turkey,2013,7746760.49,17996739.38,-10249978.889999999
Turkey,2014,7466841.83,17670398.68,-10203556.85
Turkey,2015,7272462.29,16128753.06,-8856290.77
Turkey,2016,8756582.3,16916060.0,-8159477.699999999
Turkey,2017,9813205.0,17514320.0,-7701115.0
Turkey,2018,10158425.4,16525767.120000001,-6367341.720000001
Turkey,2019,11274657.75,14123058.64,-2848400.8900000006
Turkey,2020,9706770.200000001,13183156.0,-3476385.799999999
Turkey,2021,17366443.0,15579694.0,1786749.0
Turkmenistan,2011,,227495.92,
Turkmenistan,2012,19.46,556362.73,-556343.27
Turkmenistan,2013,19.48,581587.01,-581567.53
Turkmenistan,2014,19.48,536645.62,-536626.14
Turkmenistan,2015,19.48,481177.62000000005,-481158.1400000001
Turkmenistan,2016,19.48,481177.62000000005,-481158.1400000001
Turkmenistan,2017,19.48,494382.05000000005,-494362.57000000007
Turkmenistan,2018,1314.45,226372.43,-225057.97999999998
Turkmenistan,2019,1802.04,182799.73,-180997.69
Turkmenistan,2020,1802.04,182799.73,-180997.69
Turkmenistan,2021,1802.04,182799.73,-180997.69
Ukraine,2007,4897236.430000001,5783608.7,-886372.2699999996
Ukraine,2008,4901284.430000001,5785554.3,-884269.8699999992
Ukraine,2009,4725545.94,5647275.9799999995,-921730.0399999991
Ukraine,2010,5200564.48,6283276.159999999,-1082711.6799999988
Ukraine,2011,6535137.49,7037358.720000001,-502221.23000000045
Ukraine,2012,5385396.59,5481116.36,-95719.77000000048
Ukraine,2013,6632579.49,5957557.430000001,675022.0599999996
Ukraine,2014,6652252.74,5805251.140000001,847001.5999999996
Ukraine,2015,6748503.87,5795269.15,953234.7199999997
Ukraine,2016,6285957.88,5786890.140000001,499067.7399999993
Ukraine,2017,5293816.17,3943143.1100000003,1350673.0599999996
Ukraine,2018,6194893.39,4580295.8100000005,1614597.5799999991
Ukraine,2019,5769831.87,4369080.7299999995,1400751.1400000006
Ukraine,2020,5646748.6,4123562.16,1523186.4399999995
Ukraine,2021,6344690.58,4278680.15,2066010.4299999997
United Kingdom,2007,26809562.78,77087276.02,-50277713.239999995
United Kingdom,2008,26137332.3,70869754.31,-44732422.010000005
United Kingdom,2009,21035896.689999998,55354722.43,-34318825.74
United Kingdom,2010,21442472.38,61158501.96,-39716029.58
United Kingdom,2011,24808162.56,63888588.12,-39080425.56
United Kingdom,2012,24428004.08,60335870.059999995,-35907865.98
United Kingdom,2013,13839498.53,54775457.7,-40935959.17
United Kingdom,2014,14289521.72,60910470.43,-46620948.71
United Kingdom,2015,12785191.94,60403726.25,-47618534.31
United Kingdom,2016,10853346.08,52541661.07,-41688314.99
United Kingdom,2017,11748705.930000002,52619720.25,-40871014.32
United Kingdom,2018,12162864.88,54937486.06,-42774621.18
United Kingdom,2019,11551028.55,54373212.4,-42822183.849999994
United Kingdom,2020,10441638.639999999,48398317.08,-37956678.44
United Kingdom,2021,13324814.34,58479542.199999996,-45154727.86
United States,2007,96523876.92,156825256.52,-60301379.60000001
United States,2008,97367641.36999999,142743792.32999998,-45376150.95999999
United States,2009,88038042.12,108150972.93,-20112930.810000002
United States,2010,105198958.07,123682877.0,-18483918.930000007
United States,2011,113849904.72000001,124214886.32,-10364981.59999998
United States,2012,104545355.52000001,124044699.22,-19499343.699999988
United States,2013,113769690.18,148220136.18,-34450446.0
United States,2014,111799488.96000001,145482520.78,-33683031.81999999
United States,2015,103583383.44,147502692.56,-43919309.120000005
United States,2016,100923506.86,141901861.16,-40978354.3
United States,2017,110669960.01,149932410.03,-39262450.019999996
United States,2018,113921337.58,169732888.66,-55811551.08
United States,2019,100603197.82,149972326.29,-49369128.47
United States,2020,91468158.33,150498346.54999998,-59030188.219999984
United States,2021,107743887.59,205071376.62,-97327489.03
Uzbekistan,2007,20698.66,1073190.41,-1052491.75
Uzbekistan,2008,20713.26,1493677.97,-1472964.71
Uzbekistan,2009,20713.26,1142284.19,-1121570.93
Uzbekistan,2010,20713.26,1166480.06,-1145766.8
Uzbekistan,2011,53730.69,1601694.75,-1547964.06
Uzbekistan,2012,32455.339999999997,1741905.94,-1709450.5999999999
Uzbekistan,2013,42851.1,2053818.85,-2010967.75
Uzbekistan,2014,42851.1,2053818.85,-2010967.75
Uzbekistan,2015,41642.43,1480022.6199999999,-1438380.19
Uzbekistan,2016,45344.799999999996,1572617.08,-1527272.28
Uzbekistan,2017,57062.77999999999,1779523.22,-1722460.44
Uzbekistan,2018,80237.7,2531813.46,-2451575.76
Uzbekistan,2019,100446.22,2950767.43,-2850321.21
Uzbekistan,2020,96145.25,2752980.42,-2656835.17
Uzbekistan,2021,171585.74,3501957.04,-3330371.3
